,MLST best match,MLST match 2,MLST match 3,MLST match 4,MLST match 5,16S_rRNA_1 mean depth,16S_rRNA_2 mean depth,23S_rRNA_1 mean depth,23S_rRNA_2 mean depth,rdxA mean depth,vacA mean depth,yphC mean depth,gyrA mean depth,frxA mean depth,ppa mean depth,pbp1 mean depth,cagA mean depth,gyrB mean depth,efp mean depth,mutY mean depth,ureI mean depth,hsp60 mean depth,fdxB mean depth,trpC mean depth,rpoB mean depth,atpA mean depth,16S_rRNA_1 coverage,16S_rRNA_2 coverage,23S_rRNA_1 coverage,23S_rRNA_2 coverage,rdxA coverage,vacA coverage,yphC coverage,gyrA coverage,frxA coverage,ppa coverage,pbp1 coverage,cagA coverage,gyrB coverage,efp coverage,mutY coverage,ureI coverage,hsp60 coverage,fdxB coverage,trpC coverage,rpoB coverage,atpA coverage,23S_1 Mutations,23S_2 Mutations,16S_1 Mutations,16S_2 Mutations,gyrA Mutations
DC1_10_S10,4_hspMaori (0.0),5_hspMaori (0.0),6_hspMaori (0.0),7_hspMaori (0.0),8_hspMaori (0.0),887.6793333333334,660.6786666666667,748.706734006734,734.2619528619529,194.06803797468353,122.88261851015801,0.0,335.0607157217531,230.98468606431854,0.0,319.46417759838545,157.1562857142857,320.7044377423524,0.0,0.0,0.0,404.43353658536586,372.4593023255814,0.0,855.1457286432161,0.0,1.0,0.998,1.0,1.0,0.9984177215189873,1.0,0.0,0.9995979091274628,1.0,0.0,1.0,0.8048571428571428,1.0,0.0,0.0,0.0,1.0,1.0,0.0,0.9994974874371859,0.0,,,,,
DC1_11_S11,4_hspMaori (0.0),5_hspMaori (0.0),6_hspMaori (0.0),7_hspMaori (0.0),8_hspMaori (0.0),24.754666666666665,18.589333333333332,22.826599326599325,21.215488215488215,6.9604430379746836,3.325056433408578,0.0,9.48130277442702,5.705972434915774,0.0,7.854692230070635,0.0,19.28005170185265,0.0,0.0,0.0,13.509756097560976,11.113372093023257,0.0,9.38391959798995,0.0,0.9993333333333333,0.9926666666666667,1.0,1.0,0.9920886075949367,0.8487584650112867,0.0,0.9794933655006032,0.9724349157733537,0.0,0.9737638748738647,0.0,0.995260663507109,0.0,0.0,0.0,0.9957317073170732,0.9934593023255814,0.0,0.9834170854271357,0.0,,,,,N87K
DC1_12_S12,4_hspMaori (0.0),5_hspMaori (0.0),6_hspMaori (0.0),7_hspMaori (0.0),8_hspMaori (0.0),519.0806666666666,408.32866666666666,496.713468013468,498.3363636363636,105.42405063291139,205.3544018058691,0.0,189.3860072376357,156.7748851454824,0.0,196.79566094853683,57.723142857142854,197.15338216286082,0.0,0.0,0.0,330.12439024390244,220.1875,0.0,180.74120603015075,0.0,1.0,0.9993333333333333,1.0,1.0,0.9968354430379747,1.0,0.0,1.0,1.0,0.0,0.9989909182643795,0.7754285714285715,1.0,0.0,0.0,0.0,1.0,0.9992732558139535,0.0,1.0,0.0,,,,,?
DC1_13_S13,4_hspMaori (0.0),5_hspMaori (0.0),6_hspMaori (0.0),7_hspMaori (0.0),8_hspMaori (0.0),363.0113333333333,274.2026666666667,352.5074074074074,349.86228956228956,153.0759493670886,135.67042889390518,0.07465618860510806,186.27181342983513,112.4104134762634,0.0,153.66498486377395,0.0,148.6803102111159,0.0,0.0,0.0,184.6,228.40915697674419,0.0,258.3160804020101,0.06070287539936102,1.0,0.9986666666666667,1.0,1.0,1.0,1.0,0.03732809430255403,1.0,1.0,0.0,1.0,0.0,1.0,0.0,0.0,0.0,0.998780487804878,0.9992732558139535,0.0,1.0,0.03035143769968051,,,,,
DC1_14_S14,4_hspMaori (0.0),5_hspMaori (0.0),6_hspMaori (0.0),7_hspMaori (0.0),8_hspMaori (0.0),628.522,490.7873333333333,572.7818181818182,586.3292929292929,157.46518987341773,153.86907449209932,0.0,228.5826296743064,204.9938744257274,0.0,199.02623612512613,0.010857142857142857,296.99698405859544,0.0,0.09069212410501193,0.0,363.26341463414633,291.61773255813955,0.0,288.64472361809044,0.06070287539936102,1.0,1.0,1.0,1.0,0.9936708860759493,0.9954853273137697,0.0,0.9987937273823885,1.0,0.0,0.9989909182643795,0.0054285714285714284,1.0,0.0,0.045346062052505964,0.0,1.0,1.0,0.0,1.0,0.03035143769968051,,,,,
DC1_15_S15,4_hspMaori (0.0),5_hspMaori (0.0),6_hspMaori (0.0),7_hspMaori (0.0),8_hspMaori (0.0),1201.6833333333334,875.452,1044.3164983164984,1045.7377104377103,316.9810126582278,684.2054176072235,0.0,570.5154804985926,344.989280245023,0.0,284.1972754793138,71.28714285714285,441.28220594571303,0.0,0.0,0.0,582.5926829268293,609.3466569767442,0.08351648351648351,917.446231155779,0.0,1.0,1.0,1.0,1.0,1.0,1.0,0.0,1.0,0.998468606431853,0.0,1.0,0.8,1.0,0.0,0.0,0.0,0.999390243902439,1.0,0.041758241758241756,1.0,0.0,,,,,N87I
DC1_16_S16,4_hspMaori (0.0),5_hspMaori (0.0),6_hspMaori (0.0),7_hspMaori (0.0),8_hspMaori (0.0),277.618,223.24533333333332,256.4111111111111,247.12929292929292,59.052215189873415,109.21670428893906,0.0,77.37997587454765,55.86676875957121,0.0,98.64177598385469,38.67657142857143,92.1292546316243,0.0,0.0,0.0,138.0859756097561,107.42078488372093,0.0,113.79095477386934,0.0,1.0,0.998,1.0,1.0,0.9984177215189873,0.9977426636568849,0.0,1.0,1.0,0.0,0.9994954591321897,0.7494285714285714,1.0,0.0,0.0,0.0,0.998780487804878,0.9978197674418605,0.0,1.0,0.0,,,,,
DC1_1_S1,4_hspMaori (0.0),5_hspMaori (0.0),6_hspMaori (0.0),7_hspMaori (0.0),8_hspMaori (0.0),1509.852,1142.2846666666667,1360.3279461279462,1366.6360269360268,332.626582278481,252.9729119638826,0.0,545.9601930036188,468.3399693721286,0.0,538.2991927346116,0.27285714285714285,498.61697544162,0.0,0.0,0.0,796.8810975609756,651.9745639534884,0.4747252747252747,684.3547738693468,0.0,1.0,1.0,1.0,1.0,1.0,1.0,0.0,1.0,1.0,0.0,1.0,0.054,1.0,0.0,0.0,0.0,1.0,1.0,0.23736263736263735,1.0,0.0,,,,,
DC1_2_S2,4_hspMaori (0.0),5_hspMaori (0.0),6_hspMaori (0.0),7_hspMaori (0.0),8_hspMaori (0.0),512.0133333333333,401.78266666666667,454.9319865319865,442.03737373737374,81.84810126582279,98.84424379232506,0.0,183.60273421793326,140.22664624808576,0.0,172.96720484359233,0.021714285714285714,204.94700560103405,0.0,0.0,0.0,252.06158536585366,149.96802325581396,0.0,198.24371859296483,0.0,1.0,0.9993333333333333,1.0,1.0,1.0,1.0,0.0,1.0,0.998468606431853,0.0,1.0,0.0054285714285714284,1.0,0.0,0.0,0.0,0.999390243902439,0.9992732558139535,0.0,1.0,0.0,,,,,
DC1_3_S3,4_hspMaori (0.0),5_hspMaori (0.0),6_hspMaori (0.0),7_hspMaori (0.0),8_hspMaori (0.0),58.654,40.223333333333336,49.85016835016835,50.09360269360269,16.283227848101266,17.124153498871333,0.0,19.487334137515077,12.39969372128637,0.0,22.857214934409686,4.314857142857143,22.080568720379148,0.05378973105134474,0.0,0.0,25.35731707317073,26.845203488372093,0.0,21.94422110552764,0.0,1.0,0.9886666666666667,1.0,1.0,0.9177215189873418,1.0,0.0,0.9879372738238842,0.9954058192955589,0.0,0.9979818365287588,0.6517142857142857,0.996553209823352,0.02444987775061125,0.0,0.0,0.9969512195121951,0.9941860465116279,0.0,0.9969849246231156,0.0,,,,,
DC1_4_S4,4_hspMaori (0.0),5_hspMaori (0.0),6_hspMaori (0.0),7_hspMaori (0.0),8_hspMaori (0.0),114.55,84.38933333333334,92.2003367003367,89.84377104377104,24.805379746835442,68.20090293453724,0.07465618860510806,44.647768395657415,24.796324655436447,0.0,37.539858728557014,8.201428571428572,32.65187419215855,0.0,0.0,0.0,41.21463414634146,48.38735465116279,0.0,52.97286432160804,0.0,1.0,0.9986666666666667,1.0,1.0,0.995253164556962,1.0,0.03732809430255403,0.9991958182549256,0.9923430321592649,0.0,0.9994954591321897,-1.0,0.997845756139595,0.0,0.0,0.0,0.9981707317073171,0.997093023255814,0.0,0.9994974874371859,0.0,,,,,
DC1_5_S5,4_hspMaori (0.0),5_hspMaori (0.0),6_hspMaori (0.0),7_hspMaori (0.0),8_hspMaori (0.0),2.1946666666666665,1.5806666666666667,1.5518518518518518,1.3703703703703705,0.0,0.18284424379232506,0.0,0.0305589063128267,0.0,0.0,0.11503531786074672,0.0,0.0,0.0,0.0,0.0,0.0,1.345203488372093,0.0,0.11658291457286432,0.0,0.198,0.042666666666666665,0.13468013468013468,0.08552188552188553,0.0,0.09255079006772009,0.0,0.007639726578206675,0.0,0.0,0.010090817356205853,0.0,0.0,0.0,0.0,0.0,0.0,0.4011627906976744,0.0,0.0,0.0,?,?,,?,?
DC1_6_S6,4_hspMaori (0.0),5_hspMaori (0.0),6_hspMaori (0.0),7_hspMaori (0.0),8_hspMaori (0.0),1.78,2.1326666666666667,2.2430976430976433,2.711784511784512,0.0,0.0,0.0,0.11781262565339767,0.0,0.0,0.01917255297679112,0.08371428571428571,0.11805256355019388,0.0,0.0,0.0,0.0,0.19040697674418605,0.08351648351648351,0.28743718592964823,0.0,0.18466666666666667,0.392,0.37407407407407406,0.5276094276094276,0.0,0.0,0.0,0.11781262565339767,0.0,0.0,0.00958627648839556,0.0,0.11805256355019388,0.0,0.0,0.0,0.0,0.013808139534883721,0.041758241758241756,0.22311557788944725,0.0,?,?,?,?,
DC1_7_S7,4_hspMaori (0.0),5_hspMaori (0.0),6_hspMaori (0.0),7_hspMaori (0.0),8_hspMaori (0.0),1.2926666666666666,1.5793333333333333,0.3872053872053872,0.42962962962962964,0.0,0.7516930022573364,0.0,0.11660635303578609,0.0,0.0,0.22452068617558021,0.0,0.01809564842740198,0.0,0.0,0.0,0.024390243902439025,0.0,0.0,0.5331658291457286,0.0,0.013333333333333334,0.013333333333333334,0.0,0.0,0.0,0.045146726862302484,0.0,0.0,0.0,0.0,0.010090817356205853,0.0,0.00904782421370099,0.0,0.0,0.0,0.012195121951219513,0.0,0.0,0.0,0.0,?,?,?,?,?
DC1_8_S8,4_hspMaori (0.0),5_hspMaori (0.0),6_hspMaori (0.0),7_hspMaori (0.0),8_hspMaori (0.0),5.260666666666666,5.794666666666667,4.688215488215488,5.299663299663299,0.0,0.0,0.0,0.0,0.0,0.0,0.05751765893037336,0.022285714285714287,0.016372253339077984,0.0,0.0,0.0,0.2579268292682927,0.9454941860465116,0.0,0.04120603015075377,0.0,0.032,0.018666666666666668,0.0,0.0,0.0,0.0,0.0,0.0,0.0,0.0,0.0,0.0,0.0,0.0,0.0,0.0,0.012195121951219513,0.0,0.0,0.011055276381909548,0.0,?,?,?,?,?
DC1_9_S9,4_hspMaori (0.0),5_hspMaori (0.0),6_hspMaori (0.0),7_hspMaori (0.0),8_hspMaori (0.0),1472.5753333333334,1095.1646666666666,1217.1010101010102,1203.5575757575757,348.9873417721519,963.5033860045147,0.0,751.9127462806595,487.02450229709035,0.0,683.6634712411706,215.08,494.25721671693236,0.0,0.0,0.0,673.2658536585366,519.359011627907,0.0,876.1929648241206,0.06070287539936102,1.0,1.0,0.9966329966329966,0.9962962962962963,0.9984177215189873,1.0,0.0,1.0,1.0,0.0,1.0,0.806,0.999569151227919,0.0,0.0,0.0,1.0,1.0,0.0,1.0,0.03035143769968051,,,,,
DC1_Undetermined_S0,4_hspMaori (0.0),5_hspMaori (0.0),6_hspMaori (0.0),7_hspMaori (0.0),8_hspMaori (0.0),903.2533333333333,676.058,811.3168350168351,797.252861952862,213.82120253164558,315.01354401805867,0.07465618860510806,383.39203860072377,261.833078101072,0.0,326.14026236125125,67.07828571428571,347.2929771650151,0.0,0.18138424821002386,0.0,446.06158536585366,380.99345930232556,0.4747252747252747,537.5552763819095,0.0,0.9986666666666667,1.0,1.0,1.0,0.9857594936708861,0.9864559819413092,0.03732809430255403,0.9943707277844793,0.9938744257274119,0.0,0.9949545913218971,0.8108571428571428,0.99138302455838,0.0,0.045346062052505964,0.0,0.9945121951219512,0.9905523255813954,0.23736263736263735,0.9959798994974874,0.0,,,,,?
DC2_10_S19,679_hpEurope (3305.0),97_hpEurope (3301.0),478_hpEurope (3299.0),582_hpEurope (3297.0),78_hpEurope (3295.0),2359.9713333333334,1631.1633333333334,1961.8013468013469,1955.2343434343434,554.0775316455696,476.99322799097064,1242.6365422396857,920.1962203457981,490.72741194486986,1066.2569269521412,819.8158425832493,0.12228571428571429,770.5566566135286,843.5696821515893,586.6276849642005,1792.6215753424658,1315.9493902439024,995.0697674418604,289.24175824175825,896.6974874371859,1030.5079872204474,1.0,0.9993333333333333,1.0,1.0,0.9873417721518988,1.0,1.0,0.9963811821471653,1.0,1.0,0.9994954591321897,0.07342857142857143,1.0,1.0,0.9976133651551312,1.0,1.0,1.0,0.9956043956043956,0.9984924623115577,1.0,,,,,
DC2_10p_S29,295_hspSAfrica1 (3334.0),281_hspSAfrica1 (3332.0),509_hpAfrica (3332.0),278_hspSAfrica1 (3331.0),512_hpAfrica (3330.0),352.50733333333335,286.006,287.82087542087544,286.7087542087542,122.30221518987342,233.8487584650113,201.0432220039293,147.96461600321672,137.71822358346094,178.05541561712846,128.9550958627649,49.07828571428571,124.08315381301163,149.55012224938875,97.5799522673031,213.56506849315068,164.47621951219512,152.16497093023256,115.88571428571429,178.80050251256282,184.15015974440894,1.0,0.9986666666666667,1.0,1.0,1.0,1.0,1.0,1.0,1.0,1.0,1.0,-1.0,1.0,1.0,1.0,0.9982876712328768,0.9969512195121951,1.0,1.0,1.0,1.0,,,,,
DC2_11_S2,4_hspMaori (0.0),5_hspMaori (0.0),6_hspMaori (0.0),7_hspMaori (0.0),8_hspMaori (0.0),10.645333333333333,10.948666666666666,13.963973063973064,13.97138047138047,2.795886075949367,2.2279909706546275,0.0,3.2263771612384398,4.241960183767228,0.0,4.215943491422805,0.13685714285714284,6.486428263679448,0.0,0.0,0.0,7.465853658536585,2.7739825581395348,0.0,3.806030150753769,0.0,0.9766666666666667,0.9966666666666667,1.0,0.9993265993265993,0.7927215189873418,0.654627539503386,0.0,0.7519099316445517,0.7947932618683001,0.0,0.8940464177598385,0.08771428571428572,0.9457130547177941,0.0,0.0,0.0,0.9554878048780487,0.7986918604651163,0.0,0.871859296482412,0.0,,,,,
DC2_12_S21,679_hpEurope (3096.0),686_hpEurope (3090.0),71_hpEurope (3089.0),193_hpEurope (3088.0),115_hpEurope (3087.0),173.33666666666667,144.544,132.97239057239057,139.9962962962963,12.106012658227849,12.837471783295712,14.180746561886052,21.308403699236028,22.151607963246555,22.367758186397985,27.631180625630677,7.085142857142857,33.77121930202499,42.84841075794621,28.252983293556085,70.20034246575342,49.298170731707316,31.02761627906977,32.05274725274725,29.908040201005026,32.180511182108624,0.9986666666666667,0.9913333333333333,1.0,1.0,0.9889240506329114,0.9909706546275395,0.9980353634577603,0.9983916365098512,0.9938744257274119,1.0,0.9783047426841575,0.31942857142857145,0.992244722102542,1.0,1.0,1.0,0.9951219512195122,0.998546511627907,0.9032967032967033,0.9969849246231156,0.9824281150159745,,,,,N87K
DC2_13_S3,4_hspMaori (0.0),5_hspMaori (0.0),6_hspMaori (0.0),7_hspMaori (0.0),8_hspMaori (0.0),9.686666666666667,8.466666666666667,9.080808080808081,11.011784511784512,0.7895569620253164,2.00451467268623,0.0,3.4539605950944914,5.361408882082695,0.0,2.434409687184662,0.5554285714285714,3.8707453683757,0.0,0.0,0.0,4.449390243902439,3.2005813953488373,0.0,3.030150753768844,0.0,0.9926666666666667,0.9653333333333334,0.9912457912457913,1.0,0.46677215189873417,0.9367945823927766,0.0,0.8218737434660234,0.7932618683001531,0.0,0.8244197780020182,0.3374285714285714,0.8160275743214132,0.0,0.0,0.0,0.9225609756097561,0.6446220930232558,0.0,0.8804020100502512,0.0,,,,,N87K
DC2_14_S27,679_hpEurope (3302.0),97_hpEurope (3298.0),478_hpEurope (3294.0),95_hpEurope (3291.0),139_hpEurope (3291.0),747.3286666666667,557.5666666666667,698.2824915824916,704.410101010101,389.0348101265823,271.44018058690745,634.0235756385068,435.21672698029755,294.73813169984686,403.0528967254408,406.1533804238143,0.0,367.01680310211117,426.52567237163817,280.2529832935561,675.3852739726027,499.7780487804878,507.88081395348837,187.00879120879122,513.3437185929648,431.0878594249201,1.0,1.0,1.0,1.0,0.9984177215189873,1.0,1.0,0.9951749095295537,1.0,1.0,1.0,0.0,0.999138302455838,1.0,0.9832935560859188,1.0,1.0,0.9992732558139535,1.0,0.9989949748743718,1.0,,,,,
DC2_15_S20,148_hpEurope (3297.0),202_hspWAfrica1 (3297.0),203_hspWAfrica1 (3295.0),307_hspSAfrica1 (3292.0),663_hpNEAfrica (3290.0),5106.556666666666,3728.564,3931.542760942761,3928.9895622895624,1112.764240506329,3061.2483069977425,1032.2554027504912,2224.18858061922,1546.2725880551302,2142.418136020151,2027.5782038345105,728.8388571428571,1422.7595863851789,2174.4156479217604,865.8138424821002,3002.1883561643835,2288.660975609756,1551.6024709302326,935.9714285714285,2870.6522613065326,2701.838658146965,1.0,1.0,1.0,0.9962962962962963,0.9968354430379747,1.0,1.0,0.9995979091274628,1.0,1.0,0.9994954591321897,0.8365714285714285,1.0,1.0,1.0,1.0,1.0,1.0,0.9956043956043956,1.0,1.0,,,,,
DC2_15bis_S28,148_hpEurope (3297.0),202_hspWAfrica1 (3297.0),203_hspWAfrica1 (3295.0),307_hspSAfrica1 (3292.0),663_hpNEAfrica (3290.0),1340.7253333333333,983.242,1058.5659932659933,1065.0531986531987,577.7215189873418,1040.823927765237,498.1552062868369,837.2915158825895,591.531393568147,674.7884130982368,716.2931382441977,327.24114285714285,566.9327875915553,726.5550122249389,406.20763723150355,995.0376712328767,753.7768292682927,733.6547965116279,424.5934065934066,1041.0045226130653,870.0527156549521,1.0,0.9986666666666667,0.9962962962962963,0.9973063973063973,1.0,1.0,1.0,1.0,1.0,1.0,1.0,0.8777142857142857,1.0,1.0,1.0,1.0,1.0,1.0,1.0,1.0,1.0,,,,,
DC2_16p_S14,4_hspMaori (0.0),5_hspMaori (0.0),6_hspMaori (0.0),7_hspMaori (0.0),8_hspMaori (0.0),18.648,13.844,17.258249158249157,15.785185185185185,2.232594936708861,3.7178329571106095,0.07858546168958742,5.774829111379172,2.23583460949464,0.0,4.003027245206861,0.021714285714285714,4.796639379577768,0.0,0.0,0.0,5.935365853658537,8.598837209302326,0.0,5.523115577889447,0.0,1.0,0.996,1.0,1.0,0.805379746835443,0.945823927765237,0.03929273084479371,0.879372738238842,0.664624808575804,0.0,0.8849646821392533,0.010857142857142857,0.8380008616975442,0.0,0.0,0.0,0.9975609756097561,0.9920058139534884,0.0,0.9537688442211055,0.0,,,,,
DC2_19p_S15,4_hspMaori (0.0),5_hspMaori (0.0),6_hspMaori (0.0),7_hspMaori (0.0),8_hspMaori (0.0),440.2753333333333,337.318,374.06060606060606,392.84983164983163,68.45253164556962,72.38374717832957,0.0,151.70084439083232,74.76569678407351,0.0,137.05348133198788,0.16057142857142856,133.00215424386042,0.0,0.0,0.0,188.1951219512195,143.40915697674419,0.0,145.04371859296484,0.0,1.0,1.0,1.0,1.0,1.0,1.0,0.0,1.0,1.0,0.0,0.9994954591321897,0.05342857142857143,1.0,0.0,0.0,0.0,1.0,0.9774709302325582,0.0,0.9994974874371859,0.0,,,,,
DC2_1_S1,4_hspMaori (0.0),5_hspMaori (0.0),6_hspMaori (0.0),7_hspMaori (0.0),8_hspMaori (0.0),4.268,3.3193333333333332,3.5673400673400675,4.7087542087542085,0.6756329113924051,2.45372460496614,0.0,1.93124246079614,0.31852986217457885,0.0,1.6821392532795156,0.24485714285714286,0.927617406290392,0.0,0.0,0.0,1.7365853658536585,1.836482558139535,0.0,3.0814070351758795,0.0,0.994,0.8313333333333334,0.8548821548821549,0.9265993265993266,0.3987341772151899,1.0,0.0,0.8363490148773622,0.15926493108728942,0.0,0.6170534813319879,0.15028571428571427,0.5247738043946575,0.0,0.0,0.0,0.8603658536585366,0.6925872093023255,0.0,0.9206030150753769,0.0,,,,,
DC2_21_S4,4_hspMaori (0.0),5_hspMaori (0.0),6_hspMaori (0.0),7_hspMaori (0.0),8_hspMaori (0.0),61.79933333333334,52.022,59.70875420875421,51.993602693602696,16.5126582278481,9.616252821670429,0.0,20.084036992360275,10.267993874425727,0.0,15.681634712411705,0.0,16.919431279620852,0.0,0.0,0.0,28.274390243902438,18.885174418604652,0.0,53.02361809045226,0.0,1.0,0.9986666666666667,1.0,1.0,0.995253164556962,0.9977426636568849,0.0,0.9851226377161239,0.9954058192955589,0.0,0.9974772956609486,0.0,0.996122361051271,0.0,0.0,0.0,0.9963414634146341,0.9890988372093024,0.0,0.9974874371859297,0.0,,,,,
DC2_23_S5,4_hspMaori (0.0),5_hspMaori (0.0),6_hspMaori (0.0),7_hspMaori (0.0),8_hspMaori (0.0),184.73333333333332,140.652,188.53602693602693,181.0218855218855,43.653481012658226,32.56433408577878,0.0,47.9372738238842,35.5405819295559,0.0,44.74318869828456,0.12657142857142858,54.50280051701853,0.0,0.0,0.0,84.02378048780488,75.18968023255815,0.0,63.948743718592965,0.0,1.0,0.9986666666666667,1.0,1.0,0.990506329113924,0.9706546275395034,0.0,0.995979091274628,1.0,0.0,0.9949545913218971,0.10485714285714286,1.0,0.0,0.0,0.0,0.9951219512195122,0.997093023255814,0.0,0.9989949748743718,0.0,,,,,
DC2_23p_S16,4_hspMaori (0.0),5_hspMaori (0.0),6_hspMaori (0.0),7_hspMaori (0.0),8_hspMaori (0.0),13.582666666666666,8.298666666666668,5.894612794612795,7.220538720538721,0.7610759493670886,1.216704288939052,0.0,3.596702854845195,2.1225114854517613,0.0,2.2734611503531785,0.0,2.7117621714778113,0.0,0.0,0.0,4.976219512195122,2.70203488372093,0.0,3.357788944723618,0.0,0.9966666666666667,0.9993333333333333,1.0,1.0,0.4129746835443038,0.510158013544018,0.0,0.7655810213108163,0.9035222052067381,0.0,0.7547931382441978,0.0,0.8018095648427402,0.0,0.0,0.0,0.9512195121951219,0.84375,0.0,0.8055276381909547,0.0,,,,,
DC2_26_S6,4_hspMaori (0.0),5_hspMaori (0.0),6_hspMaori (0.0),7_hspMaori (0.0),8_hspMaori (0.0),107.016,67.788,87.83602693602694,85.52289562289562,13.292721518987342,15.194130925507901,0.0,28.928829915560918,27.0,0.0,27.543895055499494,0.010857142857142857,25.214131839724256,0.0,0.0,0.0,44.322560975609754,42.231831395348834,0.0,48.79849246231156,0.2108626198083067,1.0,0.998,1.0,1.0,0.9746835443037974,0.963882618510158,0.0,0.9726578206674709,0.998468606431853,0.0,0.9566094853683148,0.0054285714285714284,0.992675570874623,0.0,0.0,0.0,0.998780487804878,0.9934593023255814,0.0,0.9979899497487437,0.0,,,,,
DC2_26p_S30,76_hpEurope (3309.0),478_hpEurope (3307.0),124_hpEurope (3302.0),127_hpEurope (3298.0),148_hpEurope (3296.0),371.4753333333333,279.706,321.07744107744105,330.7074074074074,161.6487341772152,102.19187358916479,201.5088408644401,178.52714113389627,111.91271056661562,234.06297229219143,155.47325933400606,0.010857142857142857,177.00344679017664,198.15403422982885,201.2601431980907,266.9417808219178,208.92439024390245,178.93459302325581,123.65274725274725,203.82261306532664,167.06070287539936,1.0,0.9986666666666667,1.0,1.0,0.9984177215189873,1.0,1.0,0.9995979091274628,1.0,1.0,0.9994954591321897,0.0054285714285714284,1.0,1.0,1.0,1.0,0.998780487804878,1.0,1.0,1.0,1.0,,,,,
DC2_28p_S22,76_hpEurope (3309.0),478_hpEurope (3307.0),124_hpEurope (3302.0),127_hpEurope (3298.0),148_hpEurope (3296.0),1767.2393333333334,1334.108,1506.675084175084,1496.2936026936027,342.4794303797468,291.4153498871332,493.1100196463654,538.3429835142742,269.14088820826953,564.8589420654912,448.49798183652877,0.17257142857142857,505.2830676432572,547.1222493887531,462.0429594272076,1100.0496575342465,773.165243902439,600.6744186046511,287.243956043956,548.8226130653267,564.1453674121406,1.0,0.9973333333333333,1.0,1.0,1.0,1.0,1.0,1.0,1.0,1.0,1.0,0.07485714285714286,1.0,1.0,1.0,1.0,1.0,1.0,1.0,1.0,1.0,,,,,
DC2_29p_S23,478_hpEurope (3305.0),137_hpEurope (3296.0),124_hpEurope (3292.0),97_hpEurope (3289.0),151_hpEurope (3288.0),101.65,77.52333333333333,95.71414141414141,100.0077441077441,23.509493670886076,14.36117381489842,76.08055009823183,34.61761158021713,31.895865237366003,54.39294710327456,39.79263370332997,0.0,26.84489444205084,42.47677261613692,16.627684964200476,94.97945205479452,54.922560975609755,36.94113372093023,24.99120879120879,30.7321608040201,33.24121405750799,1.0,0.9973333333333333,1.0,1.0,0.9984177215189873,0.9909706546275395,1.0,0.9987937273823885,0.998468606431853,1.0,0.992936427850656,0.0,0.997845756139595,0.9975550122249389,1.0,0.9965753424657534,0.998780487804878,0.9869186046511628,1.0,0.9979899497487437,0.9984025559105432,,,,,
DC2_2_S17,76_hpEurope (3208.0),193_hpEurope (3207.0),686_hpEurope (3205.0),137_hpEurope (3204.0),134_hpEurope (3199.0),125.54933333333334,115.678,114.18047138047137,116.71043771043772,18.696202531645568,11.029345372460497,40.86051080550098,17.058303176517892,21.278713629402755,19.193954659949622,17.161453077699292,0.0,25.420077552778974,37.613691931540345,8.601431980906922,27.82191780821918,41.75609756097561,25.988372093023255,8.217582417582417,32.14874371859297,24.56549520766773,0.9893333333333333,0.996,1.0,1.0,0.9968354430379747,0.9954853273137697,0.9803536345776032,0.9694410936871733,0.996937212863706,1.0,0.9904137235116044,0.0,0.958638517880224,0.9926650366748166,0.9952267303102625,0.9965753424657534,0.9981707317073171,0.9861918604651163,1.0,0.9994974874371859,0.9936102236421726,,,,,D91N
DC2_33p_S31,478_hpEurope (3307.0),137_hpEurope (3298.0),124_hpEurope (3294.0),97_hpEurope (3291.0),151_hpEurope (3291.0),100.60933333333334,85.752,97.75925925925925,96.13737373737374,62.09493670886076,37.074492099322796,118.99410609037328,59.4238037796542,60.339969372128635,74.88161209068011,53.334006054490416,0.0,46.71865575183111,38.603911980440095,31.968973747016708,101.08219178082192,77.51463414634146,74.4251453488372,35.00659340659341,55.15175879396985,64.79712460063898,1.0,0.9966666666666667,1.0,1.0,1.0,1.0,1.0,0.9947728186570165,0.998468606431853,1.0,0.9989909182643795,0.0,0.99569151227919,1.0,1.0,1.0,0.999390243902439,0.9956395348837209,1.0,0.9994974874371859,0.9968051118210862,,,,,
DC2_34_S7,4_hspMaori (0.0),5_hspMaori (0.0),6_hspMaori (0.0),7_hspMaori (0.0),8_hspMaori (0.0),12.498666666666667,10.404666666666667,11.376767676767678,12.662962962962963,2.8401898734177213,0.5598194130925508,0.0,4.478890229191797,1.552833078101072,0.0,3.591321897073663,1.2597142857142858,3.9004739336492893,0.0,0.0,0.0,6.903048780487805,5.328488372093023,0.0,28.789447236180905,0.0,0.9993333333333333,0.974,0.9962962962962963,1.0,0.9208860759493671,0.2325056433408578,0.0,0.8488138319260152,0.6156202143950995,0.0,0.8329969727547931,0.2968571428571429,0.9538991813873331,0.0,0.0,0.0,0.899390243902439,0.8299418604651163,0.0,0.992964824120603,0.0,,,,,
DC2_35_S8,4_hspMaori (0.0),5_hspMaori (0.0),6_hspMaori (0.0),7_hspMaori (0.0),8_hspMaori (0.0),44.316,38.946,42.652188552188555,42.11548821548821,7.439873417721519,6.345372460496614,0.0,9.898673100120627,5.506891271056662,0.0,9.383955600403633,2.144857142857143,9.691081430417924,0.0,0.0,0.0,12.103658536585366,12.671511627906977,0.0,9.440201005025125,0.0,1.0,0.9946666666666667,1.0,1.0,0.9636075949367089,0.9954853273137697,0.0,0.9268194611982308,0.9280245022970903,0.0,0.9722502522704339,0.6125714285714285,0.993968117190866,0.0,0.0,0.0,0.9926829268292683,0.9694767441860465,0.0,0.9914572864321608,0.0,,,,,N87K
DC2_35p_S32,629_hpEurope (3297.0),124_hpEurope (3296.0),579_hpEurope (3288.0),198_hpEurope (3286.0),678_hpEurope (3286.0),115.28866666666667,94.43133333333333,105.76094276094275,102.37306397306398,28.890822784810126,23.943566591422123,71.1237721021611,47.36268596702855,44.77794793261868,59.77329974811083,44.8627648839556,0.0,45.36751400258509,42.31540342298288,45.16706443914081,91.69349315068493,54.55487804878049,55.50436046511628,14.657142857142857,53.231658291457286,52.246006389776355,0.992,0.998,1.0,1.0,1.0,0.9977426636568849,1.0,0.9975874547647768,0.998468606431853,0.9949622166246851,0.9989909182643795,0.0,0.997845756139595,0.9975550122249389,0.9952267303102625,1.0,0.999390243902439,0.9978197674418605,0.9956043956043956,0.9984924623115577,0.9920127795527156,,,,,
DC2_36_S9,4_hspMaori (0.0),5_hspMaori (0.0),6_hspMaori (0.0),7_hspMaori (0.0),8_hspMaori (0.0),28.986666666666668,20.197333333333333,27.111784511784514,27.850841750841752,1.9335443037974684,1.6230248306997743,0.0,8.383594692400482,4.114854517611026,0.0,9.277497477295661,0.054285714285714284,7.088754847048686,0.0,0.0,0.0,12.260975609756098,10.175872093023257,0.0,6.514070351758794,0.0,1.0,0.9786666666666667,1.0,1.0,0.759493670886076,0.7539503386004515,0.0,0.893848009650181,0.6707503828483921,0.0,0.958627648839556,0.027142857142857142,0.9396811719086601,0.0,0.0,0.0,0.9530487804878048,0.9476744186046512,0.0,0.9482412060301507,0.0,,,,,
DC2_36p_S24,629_hpEurope (3250.0),124_hpEurope (3248.0),579_hpEurope (3248.0),115_hpEurope (3242.0),672_hpEurope (3241.0),298.46933333333334,227.948,226.35084175084174,219.1909090909091,21.371835443037973,18.52370203160271,71.1827111984283,59.100924809006834,44.914241960183766,82.38790931989925,56.15993945509586,0.07828571428571429,61.52649719948298,82.82885085574573,41.25059665871122,115.67294520547945,85.95365853658537,83.43531976744185,12.953846153846154,58.78241206030151,91.69968051118211,0.9893333333333333,0.9913333333333333,1.0,1.0,0.9984177215189873,0.9977426636568849,0.9823182711198428,0.991556091676719,0.9954058192955589,0.9974811083123426,0.991422805247225,0.039142857142857146,0.993537268418785,0.9877750611246944,0.9689737470167065,0.9982876712328768,0.998780487804878,0.9890988372093024,0.967032967032967,0.9939698492462311,0.9984025559105432,,,,,
DC2_39_S10,4_hspMaori (0.0),5_hspMaori (0.0),6_hspMaori (0.0),7_hspMaori (0.0),8_hspMaori (0.0),63.506,53.26133333333333,62.092592592592595,63.83569023569024,8.890822784810126,15.054176072234762,0.0,15.356654603940491,10.192955589586523,0.0,13.316347124117053,1.8045714285714285,11.873761309780267,0.0,0.0,0.0,23.265853658536585,18.582122093023255,0.0,19.21005025125628,0.0,0.9986666666666667,0.9973333333333333,1.0,1.0,0.8164556962025317,0.945823927765237,0.0,0.971049457177322,0.9938744257274119,0.0,0.9949545913218971,0.21542857142857144,0.981473502800517,0.0,0.0,0.0,0.9896341463414634,0.9760174418604651,0.0,0.9768844221105528,0.0,,,,,?
DC2_4_S25,76_hpEurope (3121.0),193_hpEurope (3121.0),686_hpEurope (3118.0),137_hpEurope (3114.0),134_hpEurope (3113.0),88.35066666666667,75.74266666666666,62.2030303030303,63.487205387205385,10.628164556962025,11.381489841986456,30.73870333988212,20.77523120225171,10.924961715160796,15.858942065491183,18.874873864783048,0.010857142857142857,18.58121499353727,21.105134474327627,5.4105011933174225,31.45719178082192,27.49390243902439,20.794331395348838,14.276923076923078,32.49849246231156,17.08626198083067,0.9866666666666667,0.9973333333333333,1.0,1.0,0.9984177215189873,0.9864559819413092,1.0,0.9967832730197025,0.998468606431853,0.9773299748110831,0.9949545913218971,0.0054285714285714284,0.994398965962947,0.9951100244498777,0.9713603818615751,0.9982876712328768,0.999390243902439,0.9963662790697675,1.0,0.9974874371859297,0.9952076677316294,,,,,D91N
DC2_4p_S11,4_hspMaori (0.0),5_hspMaori (0.0),6_hspMaori (0.0),7_hspMaori (0.0),8_hspMaori (0.0),36.014,33.632666666666665,32.728619528619525,33.497306397306396,6.2136075949367084,1.381489841986456,0.0,9.484921592279855,4.232771822358346,0.0,7.126135216952573,0.25257142857142856,7.73287376130978,0.0,0.0,0.0,14.595121951219513,9.994912790697674,0.0,6.952763819095478,0.0,0.996,0.9926666666666667,1.0,1.0,0.9810126582278481,0.4672686230248307,0.0,0.9573783675110575,0.7075038284839203,0.0,0.9445005045408678,0.1437142857142857,0.8918569582076691,0.0,0.0,0.0,0.9853658536585366,0.9905523255813954,0.0,0.9276381909547738,0.0,,,,,?
DC2_5_S18,686_hpEurope (3317.0),663_hpNEAfrica (3310.0),130_hpEurope (3309.0),170_hpEurope (3306.0),576_hpEurope (3306.0),547.7366666666667,378.9753333333333,446.65858585858587,452.1333333333333,127.14715189873418,92.40857787810384,348.7013752455796,187.05548854041012,104.3292496171516,236.33501259445845,154.7941473259334,0.021714285714285714,377.9207238259371,239.90709046454768,142.26968973747017,446.375,252.39756097560976,268.24781976744185,89.01538461538462,191.86582914572864,237.37859424920129,1.0,0.9986666666666667,1.0,1.0,1.0,0.9977426636568849,1.0,1.0,1.0,1.0,1.0,0.0054285714285714284,1.0,1.0,1.0,1.0,1.0,1.0,0.9978021978021978,1.0,1.0,,,,,N87K
DC2_5bis_S26,686_hpEurope (3318.0),663_hpNEAfrica (3311.0),130_hpEurope (3310.0),170_hpEurope (3307.0),576_hpEurope (3307.0),318.864,239.07933333333332,299.14646464646466,288.1777777777778,99.68512658227849,87.53498871331828,322.68565815324166,157.98673100120627,107.7718223583461,187.4433249370277,137.21241170534813,0.021714285714285714,291.34984920292976,158.92665036674816,119.71121718377088,330.04794520547944,172.8201219512195,219.92151162790697,87.88131868131867,171.54723618090452,150.40575079872204,1.0,0.9986666666666667,1.0,1.0,1.0,1.0,1.0,1.0,1.0,1.0,0.9994954591321897,0.0054285714285714284,1.0,1.0,1.0,1.0,1.0,1.0,1.0,1.0,1.0,,,,,N87K
DC2_6p_S12,4_hspMaori (0.0),5_hspMaori (0.0),6_hspMaori (0.0),7_hspMaori (0.0),8_hspMaori (0.0),7.658666666666667,7.06,9.287205387205388,9.62929292929293,1.5933544303797469,2.706546275395034,0.0,2.444712505026136,1.4854517611026035,0.0,3.287588294651867,0.09485714285714286,2.4489444205084014,0.0,0.0,0.0,4.374390243902439,2.577761627906977,0.0,2.9914572864321607,0.0,0.98,0.9713333333333334,1.0,1.0,0.629746835443038,0.9683972911963883,0.0,0.773220747889023,0.5007656967840735,0.0,0.8148335015136225,0.09257142857142857,0.6467040068935803,0.0,0.0,0.0,0.8957317073170732,0.842296511627907,0.0,0.6819095477386935,0.0,,,,,
DC2_7p_S13,4_hspMaori (0.0),5_hspMaori (0.0),6_hspMaori (0.0),7_hspMaori (0.0),8_hspMaori (0.0),45.71333333333333,35.508,39.22929292929293,36.97239057239057,6.507911392405063,17.261851015801355,0.0,9.315641334941697,6.434915773353752,0.0,11.627144298688194,0.5845714285714285,5.295131408875485,0.0,0.0,0.0,12.276829268292683,13.967296511627907,0.0,14.737185929648241,0.0,0.994,0.9966666666666667,1.0,1.0,0.7484177215189873,0.9729119638826185,0.0,0.9919581825492562,0.9938744257274119,0.0,0.9540867810292634,0.12114285714285715,0.8871176217147781,0.0,0.0,0.0,0.9902439024390244,0.9912790697674418,0.0,0.9402010050251256,0.0,,,,,
DC2_Undetermined_S0,148_hpEurope (3199.0),134_hpEurope (3198.0),153_hpEurope (3197.0),675_hpEurope (3197.0),78_hpEurope (3196.0),1820.7726666666667,1321.1933333333334,1532.5565656565657,1532.4626262626264,503.2294303797468,682.5417607223476,614.9862475442043,810.5581021310816,540.8070444104135,715.6146095717884,681.3259334006054,133.93314285714285,701.4360189573459,732.0513447432763,463.33174224343674,1079.539383561644,926.1634146341463,807.0188953488372,342.83956043956044,909.1608040201005,764.4376996805112,1.0,1.0,1.0,1.0,0.9936708860759493,0.9909706546275395,0.9960707269155207,0.9903498190591074,0.9862174578866769,1.0,0.992936427850656,0.8008571428571428,0.99138302455838,0.9951100244498777,0.9856801909307876,1.0,0.9969512195121951,0.9890988372093024,0.9846153846153847,0.9919597989949749,0.9952076677316294,,,,,
